player_name,position,age_at_transfer,other_club_name,club_name,fee_m,minutes_before,market_value_before_m
Enzo Fernández,Central Midfield,25.62,Chelsea FC,Manchester City,145.0,3121.0,100.0
Morgan Rogers,Attacking Midfield,23.99,Aston Villa,Chelsea FC,138.0,3285.0,90.0
Elliot Anderson,Defensive Midfield,23.71,Nottingham Forest,Manchester City,135.0,3334.0,110.0
Yan Diomande,Right Winger,,RB Leipzig,Real Madrid,125.0,2476.0,
Bradley Barcola,Left Winger,23.99,Paris Saint-Germain,Liverpool FC,125.0,1750.0,90.0
Sandro Tonali,Defensive Midfield,26.16,Newcastle United,Tottenham Hotspur,108.0,2543.0,80.0
Mateus Fernandes,Central Midfield,21.98,West Ham United,Tottenham Hotspur,99.0,3024.0,50.0
Ayyoub Bouaddi,Defensive Midfield,18.9,LOSC Lille,Manchester City,95.0,2338.0,80.0
Sávio,Left Winger,22.37,Manchester City,Tottenham Hotspur,87.7,846.0,35.0
Bruno Guimarães,Central Midfield,28.73,Newcastle United,Arsenal FC,87.5,2455.0,70.0
Anthony Gordon,Left Winger,25.35,Newcastle United,FC Barcelona,80.0,1817.0,65.0
Carlos Baleba,Defensive Midfield,22.64,Brighton & Hove Albion,Manchester United,75.9,1677.0,55.0
Gonçalo Ramos,Centre-Forward,25.03,Paris Saint-Germain,AC Milan,74.0,1320.0,30.0
Iliman Ndiaye,Left Winger,26.49,Everton FC,Manchester City,70.0,2786.0,55.0
Jérémy Jacquet,Centre-Back,20.97,Stade Rennais FC,Liverpool FC,63.6,1673.0,55.0
Maxence Lacroix,Centre-Back,26.31,Crystal Palace,Chelsea FC,60.7,3087.0,50.0
Johan Manzambi,Attacking Midfield,20.76,SC Freiburg,Aston Villa,60.0,2094.0,50.0
Jan Paul van Hecke,Centre-Back,26.06,Brighton & Hove Albion,Tottenham Hotspur,60.0,3211.0,45.0
Rodri,Defensive Midfield,30.15,Manchester City,FC Barcelona,60.0,1513.0,55.0
Matias Fernandez-Pardo,Centre-Forward,21.57,LOSC Lille,Newcastle United,60.0,2379.0,35.0
Ezri Konsa,Centre-Back,28.83,Aston Villa,Arsenal FC,59.6,3036.0,45.0
Marco Palestra,Right-Back,21.33,Atalanta BC,Chelsea FC,57.0,3084.0,35.0
Andrey Santos,Defensive Midfield,22.19,Chelsea FC,Manchester United,56.3,1280.0,40.0
Nico González,Defensive Midfield,24.64,Manchester City,Newcastle United,56.0,1575.0,40.0
Nicolas Jackson,Centre-Forward,25.19,Chelsea FC,Aston Villa,55.5,1037.0,40.0
Ibrahim Mbaye,Right Winger,18.6,Paris Saint-Germain,Aston Villa,55.0,997.0,30.0
Marc Cucurella,Left-Back,27.94,Chelsea FC,Real Madrid,55.0,2710.0,50.0
Luka Vuskovic,Centre-Back,19.38,Tottenham Hotspur,Brighton & Hove Albion,54.0,2441.0,60.0
Liam Delap,Centre-Forward,23.55,Chelsea FC,Nottingham Forest,52.5,1139.0,28.0
Bazoumana Touré,Left Winger,20.34,TSG 1899 Hoffenheim,Newcastle United,50.0,2325.0,40.0
Maghnes Akliouche,Right Winger,24.44,AS Monaco,Paris Saint-Germain,50.0,2410.0,50.0
Nathaniel Brown,Left-Back,23.05,Eintracht Frankfurt,Bayern Munich,50.0,2658.0,40.0
Diego Moreira,Left Midfield,22.03,RC Strasbourg Alsace,AC Milan,50.0,2041.0,25.0
Ferran Torres,Centre-Forward,26.46,FC Barcelona,Paris Saint-Germain,48.5,1984.0,55.0
Mamadou Sangaré,Central Midfield,24.1,RC Lens,Brentford FC,48.0,2327.0,40.0
Rasmus Højlund,Centre-Forward,23.4,Manchester United,SSC Napoli,44.0,2761.0,60.0
Loïs Openda,Centre-Forward,26.37,RB Leipzig,Juventus FC,42.75,730.0,25.0
Randal Kolo Muani,Centre-Forward,27.66,Paris Saint-Germain,Juventus FC,41.2,1670.0,20.0
Youri Tielemans,Central Midfield,29.19,Aston Villa,Manchester United,41.0,1862.0,30.0
El Hadji Malick Diouf,Left-Back,21.66,West Ham United,Brentford FC,40.8,2711.0,28.0
Piero Hincapié,Centre-Back,24.47,Bayer 04 Leverkusen,Arsenal FC,40.0,1882.0,50.0
Víctor Muñoz,Left Winger,22.97,CA Osasuna,Liverpool FC,40.0,2668.0,30.0
Gonzalo García,Centre-Forward,22.36,Real Madrid,Fulham FC,40.0,988.0,30.0
Valentín Barco,Central Midfield,22.03,RC Strasbourg Alsace,Chelsea FC,40.0,2170.0,40.0
João Gomes,Central Midfield,25.43,Wolverhampton Wanderers,Aston Villa,40.0,2843.0,40.0
Tarik Muharemović,Centre-Back,23.38,US Sassuolo,Leeds United,37.0,2835.0,25.0
Santiago Castro,Centre-Forward,21.86,Bologna FC 1909,AS Roma,36.0,2366.0,32.0
Aladji Bamba,Defensive Midfield,20.03,AS Monaco,Newcastle United,35.5,830.0,18.0
Kang-in Lee,Attacking Midfield,25.43,Paris Saint-Germain,Atlético de Madrid,35.0,1522.0,28.0
Cristian Romero,Centre-Back,28.3,Tottenham Hotspur,Atlético de Madrid,33.0,1872.0,50.0
Kerim Alajbegovic,Left Winger,18.86,Bayer 04 Leverkusen,Juventus FC,32.0,0.0,25.0
Julio Enciso,Attacking Midfield,22.57,RC Strasbourg Alsace,Ipswich Town,30.5,1892.0,25.0
Mario Gila,Centre-Back,25.86,SS Lazio,AC Milan,30.0,2481.0,30.0
Malick Fofana,Left Winger,21.42,Olympique Lyon,Sunderland AFC,30.0,767.0,30.0
Trevoh Chalobah,Centre-Back,27.1,Chelsea FC,Como 1907,30.0,2782.0,40.0
Guéla Doué,Right-Back,23.87,RC Strasbourg Alsace,Bayer 04 Leverkusen,30.0,2063.0,20.0
Curtis Jones,Central Midfield,25.56,Liverpool FC,Inter Milan,30.0,1950.0,35.0
Djed Spence,Right-Back,26.02,Tottenham Hotspur,Inter Milan,30.0,2079.0,40.0
Afonso Moreira,Left Winger,21.28,Olympique Lyon,Bayer 04 Leverkusen,29.5,1724.0,20.0
Dayann Méthalie,Left-Back,20.51,FC Toulouse,Sunderland AFC,28.0,1882.0,18.0
Emersonn,Centre-Forward,21.98,FC Toulouse,Ipswich Town,28.0,1504.0,8.0
Miguel Gutiérrez,Left-Back,25.02,SSC Napoli,Bayer 04 Leverkusen,26.0,1490.0,22.0
Dwight McNeil,Left Winger,26.72,Everton FC,Crystal Palace,25.8,1188.0,18.0
Brennan Johnson,Right Winger,25.22,Crystal Palace,Everton FC,25.8,1752.0,30.0
Daniel Muñoz,Right-Back,30.26,Crystal Palace,Nottingham Forest,25.7,2403.0,22.0
Carlos Espí,Centre-Forward,21.02,Levante UD,Real Madrid,25.0,1350.0,20.0
Matthis Abline,Centre-Forward,23.34,FC Nantes,AS Monaco,25.0,2497.0,20.0
Maxime Estève,Centre-Back,24.14,Burnley FC,RB Leipzig,25.0,2937.0,28.0
Dzenan Pejcinovic,Centre-Forward,21.48,VfL Wolfsburg,VfB Stuttgart,25.0,1482.0,15.0
Álvaro Rodríguez,Centre-Forward,22.0,Elche CF,AFC Bournemouth,25.0,2200.0,10.0
Arthur Atta,Central Midfield,23.49,Udinese Calcio,ACF Fiorentina,25.0,2563.0,25.0
Emmanuel Emegha,Centre-Forward,23.41,RC Strasbourg Alsace,Chelsea FC,25.0,451.0,25.0
Matteo Ruggeri,Left-Back,24.11,Atlético de Madrid,Aston Villa,25.0,1775.0,28.0
Merlin Röhl,Central Midfield,23.99,SC Freiburg,Everton FC,25.0,759.0,16.0
Donyell Malen,Centre-Forward,27.45,Aston Villa,AS Roma,25.0,2158.0,45.0
Nobel Mendy,Centre-Back,21.94,Rayo Vallecano,Hull City,23.4,1811.0,7.5
Pascal Struijk,Centre-Back,26.89,Leeds United,Brighton & Hove Albion,23.2,2937.0,22.0
Facundo Medina,Centre-Back,27.21,Olympique Marseille,Bayer 04 Leverkusen,23.0,1376.0,18.0
Loum Tchaouna,Right Winger,22.84,Burnley FC,Coventry City,23.0,1316.0,13.0
Exequiel Palacios,Central Midfield,27.89,Bayer 04 Leverkusen,Ipswich Town,22.5,1097.0,25.0
Mateo Pellegrino,Centre-Forward,24.81,Parma Calcio 1913,ACF Fiorentina,22.5,2991.0,15.0
Chema Andrés,Defensive Midfield,21.35,VfB Stuttgart,Brighton & Hove Albion,22.0,1327.0,20.0
Eliezer Mayenda,Centre-Forward,21.16,Sunderland AFC,Stade Rennais FC,22.0,770.0,16.0
Karim Adeyemi,Right Winger,24.51,Borussia Dortmund,FC Barcelona,22.0,1215.0,40.0
Tyrique George,Left Winger,20.42,Chelsea FC,Everton FC,21.0,370.0,20.0
Jhon Lucumí,Centre-Back,28.14,Bologna FC 1909,Juventus FC,20.1,2300.0,22.0
Karim Coulibaly,Centre-Back,19.25,SV Werder Bremen,RC Strasbourg Alsace,20.0,2122.0,28.0
Quinten Timber,Central Midfield,25.21,Olympique Marseille,Crystal Palace,20.0,1111.0,25.0
Denzel Dumfries,Right-Back,30.21,Inter Milan,Real Madrid,20.0,1327.0,25.0
Abdoul Ouattara,Right-Back,20.82,RC Strasbourg Alsace,Ipswich Town,20.0,1775.0,15.0
Rocco Reitz,Central Midfield,24.09,Borussia Mönchengladbach,RB Leipzig,20.0,2636.0,20.0
Zian Flemming,Centre-Forward,28.08,Burnley FC,Ipswich Town,19.8,1808.0,12.0
Pep Chavarría,Left-Back,28.34,Rayo Vallecano,Chelsea FC,19.0,2681.0,10.0
Florentino,Defensive Midfield,26.96,Burnley FC,Ipswich Town,18.7,2118.0,16.0
Álex Jiménez,Right-Back,21.15,AC Milan,AFC Bournemouth,18.5,2375.0,22.0
Beto,Centre-Forward,28.58,Everton FC,ACF Fiorentina,18.0,1613.0,18.0
Aurèle Amenda,Centre-Back,22.96,Eintracht Frankfurt,Coventry City,18.0,1685.0,10.0
Facundo Medina,Centre-Back,27.09,RC Lens,Olympique Marseille,18.0,1376.0,18.0
Jaidon Anthony,Left Winger,26.6,Burnley FC,Brentford FC,17.5,2743.0,20.0
Diego Coppola,Centre-Back,22.55,Brighton & Hove Albion,Paris FC,17.5,1371.0,18.0
Ilyas Ansah,Centre-Forward,21.81,1.FC Union Berlin,Hull City,17.0,1909.0,12.0
Konstantinos Koulierakis,Centre-Back,22.67,VfL Wolfsburg,AS Roma,16.5,2488.0,25.0
Jeff Ekhator,Centre-Forward,19.64,Genoa CFC,Juventus FC,16.4,949.0,18.0
Akor Adams,Centre-Forward,26.48,Sevilla FC,Venezia FC,16.0,2070.0,15.0
Mohamed-Ali Cho,Right Winger,22.6,OGC Nice,Hull City,15.15,1681.0,15.0
Tim Iroegbunam,Central Midfield,23.17,Everton FC,Hull City,15.15,1505.0,18.0
Manuel Akanji,Centre-Back,30.95,Manchester City,Inter Milan,15.0,2820.0,17.0
Alejandro Grimaldo,Left-Back,30.78,Bayer 04 Leverkusen,Atlético de Madrid,15.0,2524.0,20.0
Marc Guiu,Centre-Forward,20.66,Chelsea FC,RB Leipzig,15.0,276.0,12.0
Pablo Pagis,Left Winger,23.55,FC Lorient,Paris FC,15.0,1770.0,15.0
Timothy Weah,Right-Back,26.35,Juventus FC,Olympique Marseille,14.4,2263.0,20.0
Brooke Norton-Cuffy,Right-Back,22.64,Genoa CFC,Hull City,14.0,2214.0,15.0
Luca Koleosho,Right Winger,21.87,Burnley FC,Paris FC,14.0,603.0,6.0
Giovanni Fabbian,Attacking Midfield,23.46,Bologna FC 1909,ACF Fiorentina,13.0,1173.0,10.0
Nahuel Molina,Right-Back,28.35,Atlético de Madrid,AS Roma,13.0,1332.0,15.0
Noël Aséko,Defensive Midfield,20.65,Bayern Munich,Eintracht Frankfurt,12.0,0.0,12.0
Gianluca Gaetano,Defensive Midfield,26.18,Cagliari Calcio,Atalanta BC,12.0,1912.0,6.5
Álvaro Morata,Centre-Forward,33.69,AC Milan,Como 1907,12.0,932.0,6.0
David Affengruber,Centre-Back,25.45,Elche CF,Fulham FC,12.0,2953.0,20.0
Yann Gboho,Left Winger,25.63,FC Toulouse,Coventry City,12.0,2608.0,18.0
Tosin Adarabioyo,Centre-Back,28.94,Chelsea FC,Tottenham Hotspur,11.65,796.0,16.0
Juanlu Sánchez,Right-Back,22.98,Sevilla FC,AFC Bournemouth,11.0,2002.0,10.0
Ansu Fati,Left Winger,23.67,FC Barcelona,AS Monaco,11.0,1086.0,15.0
Taiwo Awoniyi,Centre-Forward,29.01,Nottingham Forest,Coventry City,10.5,502.0,8.0
Saša Lukić,Central Midfield,29.98,Fulham FC,Ipswich Town,10.5,1734.0,10.0
César Palacios,Attacking Midfield,21.72,Real Madrid,Fulham FC,10.0,87.0,7.5
Marco Brescianini,Central Midfield,26.44,Atalanta BC,ACF Fiorentina,10.0,1044.0,9.0
Gabriel Jesus,Centre-Forward,29.41,Arsenal FC,FC Barcelona,10.0,421.0,17.0
Issa Diop,Centre-Back,29.53,Fulham FC,Ipswich Town,10.0,827.0,8.0
Patrick Wimmer,Right Winger,25.09,VfL Wolfsburg,TSG 1899 Hoffenheim,10.0,1634.0,12.0
Oso,Left-Back,23.14,Sevilla FC,RC Strasbourg Alsace,10.0,1409.0,10.0
Lilian Brassier,Centre-Back,26.83,Stade Rennais FC,Eintracht Frankfurt,9.2,2252.0,12.0
Fábio Vieira,Attacking Midfield,26.26,Arsenal FC,Hamburger SV,9.0,2215.0,18.0
Romano Schmid,Attacking Midfield,26.54,SV Werder Bremen,Frosinone Calcio,8.5,2988.0,15.0
Héctor Fort,Right-Back,20.07,FC Barcelona,Real Sociedad,8.5,500.0,12.0
Nobel Mendy,Centre-Back,21.82,Real Betis Balompié,Rayo Vallecano,8.18,1811.0,7.5
Christian Nørgaard,Defensive Midfield,32.41,Arsenal FC,Everton FC,8.15,108.0,5.0
Nico Elvedi,Centre-Back,29.88,Borussia Mönchengladbach,Leeds United,8.0,2967.0,8.0
Daniele Ghilardi,Centre-Back,23.48,Hellas Verona,AS Roma,8.0,1089.0,18.0
Hamed Traoré,Left Winger,26.37,AFC Bournemouth,Olympique Marseille,7.7,635.0,15.0
Joe Gelhardt,Centre-Forward,24.28,Leeds United,Hull City,7.6,0.0,14.0
Lassine Sinayoko,Centre-Forward,26.62,AJ Auxerre,Paris FC,7.5,2780.0,10.0
Giovanni Simeone,Centre-Forward,30.99,SSC Napoli,Torino FC,7.2,2245.0,7.0
Yannik Engelhardt,Defensive Midfield,25.44,Como 1907,SC Freiburg,7.0,0.0,7.0
Lucas Digne,Left-Back,33.05,Aston Villa,Paris Saint-Germain,7.0,1866.0,6.0
Sadibou Sané,Centre-Back,22.07,FC Metz,AS Monaco,7.0,1943.0,7.0
Frank Onyeka,Central Midfield,28.5,Brentford FC,Coventry City,7.0,88.0,8.0
Lorenzo Colombo,Centre-Forward,24.31,AC Milan,Genoa CFC,7.0,2353.0,10.0
Tommaso Pobega,Central Midfield,26.96,AC Milan,Bologna FC 1909,7.0,1452.0,8.0
Armel Bella-Kotchap,Centre-Back,24.55,Hellas Verona,Venezia FC,7.0,1355.0,7.0
Fábio Baldé,Left Winger,21.07,Hamburger SV,RC Strasbourg Alsace,7.0,455.0,5.0
Martín Satriano,Centre-Forward,25.36,Olympique Lyon,Getafe CF,6.5,2307.0,10.0
Lazar Jovanovic,Right Winger,19.75,VfB Stuttgart,Udinese Calcio,6.5,43.0,3.5
Cole Campbell,Right Winger,20.38,Borussia Dortmund,SV 07 Elversberg,6.0,99.0,5.0
Jonah Kusi-Asare,Centre-Forward,18.99,Bayern Munich,Fulham FC,6.0,89.0,3.0
Idrissa Gueye,Centre-Forward,19.79,FC Metz,Udinese Calcio,6.0,557.0,8.0
Luis Milla,Central Midfield,31.73,Getafe CF,Como 1907,6.0,3273.0,3.5
Danny Welbeck,Centre-Forward,35.68,Brighton & Hove Albion,Chelsea FC,5.85,2268.0,3.0
Ethan Pinnock,Centre-Back,33.24,Brentford FC,Coventry City,5.85,321.0,3.0
Jakub Kamiński,Left Winger,24.07,VfL Wolfsburg,1.FC Köln,5.5,3019.0,17.0
Sebastian Walukiewicz,Right-Back,26.24,Torino FC,US Sassuolo,5.0,2855.0,5.0
Rolando Mandragora,Defensive Midfield,29.17,ACF Fiorentina,Torino FC,5.0,2438.0,9.0
Julien Duranville,Left Winger,20.16,Borussia Dortmund,Olympique Lyon,5.0,0.0,6.0
Alessandro Zanoli,Right-Back,25.74,SSC Napoli,Udinese Calcio,5.0,1290.0,4.5
Arnau Martínez,Right-Back,23.34,Girona FC,Valencia CF,5.0,2678.0,10.0
Jérémie Boga,Left Winger,29.49,OGC Nice,Juventus FC,4.8,1329.0,8.0
Albert Grønbaek,Attacking Midfield,25.11,Stade Rennais FC,Hamburger SV,4.7,602.0,5.0
Willem Geubbels,Centre-Forward,24.96,Paris FC,US Lecce,4.6,1019.0,5.0
Buba Sangaré,Right-Back,18.9,AS Roma,Elche CF,4.5,557.0,4.5
Unai Gómez,Attacking Midfield,23.12,Athletic Bilbao,Udinese Calcio,4.5,949.0,5.0
Noham Kamara,Centre-Back,19.44,Paris Saint-Germain,Olympique Lyon,4.1,11.0,3.0
Patrick Cutrone,Centre-Forward,28.49,Como 1907,AC Monza,4.0,891.0,4.0
Sebastiano Esposito,Second Striker,24.0,Inter Milan,Cagliari Calcio,4.0,2699.0,15.0
Stefan Posch,Centre-Back,29.25,Como 1907,1.FSV Mainz 05,4.0,1801.0,6.0
Djibril Sow,Central Midfield,29.49,Sevilla FC,Genoa CFC,4.0,2195.0,7.5
Fran García,Left-Back,26.9,Real Madrid,Real Betis Balompié,4.0,933.0,10.0
Pablo García,Right Winger,20.22,Real Betis Balompié,Racing Santander,3.8,388.0,8.0
Mario Martín,Defensive Midfield,22.32,Real Madrid,Getafe CF,3.5,2134.0,10.0
Saud Abdulhamid,Right-Back,26.95,AS Roma,RC Lens,3.5,1356.0,9.0
Ainsley Maitland-Niles,Right-Back,29.01,Olympique Lyon,Everton FC,3.5,2485.0,10.0
Hennes Behrens,Left-Back,21.48,TSG 1899 Hoffenheim,FC Augsburg,3.5,1319.0,5.0
Rahim Alhassane,Left-Back,24.55,Real Oviedo,Bologna FC 1909,3.5,1689.0,1.5
Tom Krauß,Defensive Midfield,25.02,1.FSV Mainz 05,1.FC Köln,3.5,1801.0,4.5
Michel Aebischer,Central Midfield,29.62,Pisa Sporting Club,1.FC Union Berlin,3.5,2900.0,4.0
Andrea Pinamonti,Centre-Forward,27.27,US Sassuolo,SS Lazio,3.0,2576.0,15.0
Marvin Pieringer,Centre-Forward,26.89,1.FC Heidenheim 1846,SC Paderborn 07,3.0,1653.0,3.0
Iván Martín,Central Midfield,27.51,Girona FC,Racing Santander,3.0,2538.0,5.0
Nicolás Valentini,Centre-Back,25.34,ACF Fiorentina,Deportivo Alavés,3.0,1406.0,3.0
Giovanni Reyna,Attacking Midfield,23.72,Borussia Mönchengladbach,RC Strasbourg Alsace,3.0,526.0,4.0
Luis Hasa,Central Midfield,22.55,SSC Napoli,Frosinone Calcio,2.5,0.0,4.5
Franco Carboni,Left-Back,23.24,Inter Milan,Parma Calcio 1913,2.5,123.0,0.9
Lorenzo Amatucci,Defensive Midfield,22.42,ACF Fiorentina,Deportivo A Coruña,2.5,0.0,8.0
Ramón Terrats,Central Midfield,25.72,Villarreal CF,Getafe CF,2.5,1062.0,3.0
Facundo González,Centre-Back,23.07,Juventus FC,Racing Santander,2.5,1484.0,3.0
Idrissa Touré,Right Midfield,28.31,Pisa Sporting Club,AC Monza,2.3,2286.0,5.0
Arnaud Nordin,Right Winger,28.04,1.FSV Mainz 05,Stade Rennais FC,2.2,1047.0,4.0
Alessio Zerbin,Right Midfield,27.39,SSC Napoli,Frosinone Calcio,2.0,1655.0,2.0
Terem Moffi,Centre-Forward,27.25,OGC Nice,Hamburger SV,2.0,489.0,8.0
Luca Erlein,Right-Back,19.06,TSG 1899 Hoffenheim,Bayer 04 Leverkusen,2.0,0.0,2.0
Maurice Krattenmacher,Left Winger,20.89,Bayern Munich,SV 07 Elversberg,2.0,0.0,3.0
Gauthier Hein,Right Winger,29.99,FC Metz,OGC Nice,1.7,2354.0,5.0
Lukasz Poreba,Defensive Midfield,26.3,Hamburger SV,SV 07 Elversberg,1.6,0.0,2.5
Pierre-Emerick Aubameyang,Centre-Forward,37.08,Olympique Marseille,Deportivo A Coruña,1.5,2046.0,2.5
Mërgim Vojvoda,Right-Back,31.46,Como 1907,Udinese Calcio,1.5,1599.0,2.5
Stanley Nsoki,Centre-Back,27.23,TSG 1899 Hoffenheim,1.FC Union Berlin,1.5,823.0,2.0
Junior Mwanga,Defensive Midfield,23.22,RC Strasbourg Alsace,Le Havre AC,1.5,1642.0,6.0
Ben Lhassine Kone,Central Midfield,26.3,Como 1907,Frosinone Calcio,1.3,0.0,0.5
Bartol Franjic,Centre-Back,26.46,VfL Wolfsburg,Venezia FC,1.25,0.0,1.0
Romain Del Castillo,Right Winger,30.43,Stade Brestois 29,CA Osasuna,1.0,2643.0,7.0
Asier Villalibre,Centre-Forward,28.75,Deportivo Alavés,Racing Santander,1.0,0.0,2.0
Julio Díaz,Left-Back,21.54,Atlético de Madrid,Sevilla FC,1.0,311.0,1.5
Gabin Bernardeau,Attacking Midfield,20.45,OGC Nice,FC Lorient,1.0,100.0,1.2
Ellyes Skhiri,Defensive Midfield,31.28,Eintracht Frankfurt,1.FC Köln,1.0,1450.0,5.0
Lorenzo Lucchesi,Centre-Back,23.15,ACF Fiorentina,AC Monza,1.0,0.0,3.3
Junior Dina Ebimbe,Right Midfield,25.71,Eintracht Frankfurt,FC Schalke 04,0.8,0.0,6.0
Junior Adamu,Centre-Forward,25.07,SC Freiburg,FC Schalke 04,0.8,456.0,3.0
Rubén Sánchez,Right-Back,25.57,RCD Espanyol Barcelona,Elche CF,0.5,830.0,1.8
Johan Mojica,Left-Back,33.98,RCD Mallorca,Getafe CF,0.5,2737.0,1.5
Sheraldo Becker,Left Winger,31.39,CA Osasuna,1.FSV Mainz 05,0.5,1124.0,1.5
Habib Diallo,Centre-Forward,31.21,FC Metz,Le Mans FC,0.5,1910.0,4.0
Luka Duric,Central Midfield,23.04,TSG 1899 Hoffenheim,SC Paderborn 07,0.25,9.0,0.8
