club_name,league,n,total_m
Manchester City,ENG,4,445.0
Tottenham Hotspur,ENG,5,366.35
Chelsea FC,ENG,7,345.55
Aston Villa,ENG,5,235.5
Liverpool FC,ENG,3,228.6
Real Madrid,ESP,4,225.0
Newcastle United,ENG,4,201.5
Arsenal FC,ENG,3,187.1
Manchester United,ENG,3,173.2
FC Barcelona,ESP,4,172.0
Ipswich Town,ENG,8,160.0
Juventus FC,ITA,6,157.25
AC Milan,ITA,3,154.0
Bayer 04 Leverkusen,GER,5,110.5
Brentford FC,ENG,3,106.3
Paris Saint-Germain,FRA,3,105.5
Brighton & Hove Albion,ENG,3,99.2
AS Roma,ITA,5,98.5
Hull City,ENG,6,92.3
ACF Fiorentina,ITA,5,88.5
Everton FC,ENG,5,83.45
Atlético de Madrid,ESP,3,83.0
Nottingham Forest,ENG,2,78.2
Coventry City,ENG,6,76.35
Inter Milan,ITA,3,75.0
Fulham FC,ENG,4,68.0
RB Leipzig,GER,3,60.0
Sunderland AFC,ENG,2,58.0
AFC Bournemouth,ENG,3,54.5
Paris FC,FRA,4,54.0
Bayern Munich,GER,1,50.0
Como 1907,ITA,3,48.0
Crystal Palace,ENG,2,45.8
Leeds United,ENG,2,45.0
SSC Napoli,ITA,1,44.0
AS Monaco,FRA,3,43.0
Olympique Marseille,FRA,3,40.1
RC Strasbourg Alsace,FRA,4,40.0
VfB Stuttgart,GER,1,25.0
Venezia FC,ITA,3,24.25
Stade Rennais FC,FRA,2,24.2
Udinese Calcio,ITA,5,23.5
Eintracht Frankfurt,GER,2,21.2
Hamburger SV,GER,3,15.7
Frosinone Calcio,ITA,4,14.3
Getafe CF,ESP,4,13.0
Torino FC,ITA,2,12.2
Atalanta BC,ITA,1,12.0
Genoa CFC,ITA,2,11.0
Bologna FC 1909,ITA,2,10.5
Racing Santander,ESP,4,10.3
TSG 1899 Hoffenheim,GER,1,10.0
1.FC Köln,GER,3,10.0
SV 07 Elversberg,GER,3,9.6
Olympique Lyon,FRA,2,9.1
Real Sociedad,ESP,1,8.5
Rayo Vallecano,ESP,1,8.18
AC Monza,ITA,3,7.3
SC Freiburg,GER,1,7.0
Valencia CF,ESP,1,5.0
US Sassuolo,ITA,1,5.0
Elche CF,ESP,2,5.0
1.FC Union Berlin,GER,2,5.0
US Lecce,ITA,1,4.6
1.FSV Mainz 05,GER,2,4.5
Real Betis Balompié,ESP,1,4.0
Cagliari Calcio,ITA,1,4.0
Deportivo A Coruña,ESP,2,4.0
RC Lens,FRA,1,3.5
FC Augsburg,GER,1,3.5
SC Paderborn 07,GER,2,3.25
Deportivo Alavés,ESP,1,3.0
SS Lazio,ITA,1,3.0
Parma Calcio 1913,ITA,1,2.5
OGC Nice,FRA,1,1.7
FC Schalke 04,GER,2,1.6
Le Havre AC,FRA,1,1.5
FC Lorient,FRA,1,1.0
Sevilla FC,ESP,1,1.0
CA Osasuna,ESP,1,1.0
Le Mans FC,FRA,1,0.5
